2016-11-17 04:03:33,"$RDUS Company Radius Health, Inc. just submited new SEC filing https://t.co/QX9u8R3KMh #radius #health"
2016-11-16 23:16:11,The seasonality trend for $RDUS might surprise traders this year. https://t.co/98x0rCypGJ https://t.co/mr3DK5Aikb
2016-11-16 17:28:27,Radius Health Inc. $RDUS Stake Boosted by Jennison Associates LLC https://t.co/juPbnUjy8x
2016-11-16 08:04:25,Radius Health Inc. $RDUS Receives Average Recommendation of ‚ÄúBuy‚Äù from Analysts https://t.co/CHlXkWmCz6
2016-11-15 22:35:19,"$ALBO $RDUS $CPHI $STRP $ON 

Breakout/Algorithmic Stock Signals - https://t.co/TmI9BNUirB 

https://t.co/6k0Pe3EGdr"
2016-11-15 21:22:58,RT @d_voted_1: $RDUS Can we take a breather?  Incredible rebound!! https://t.co/8QrqCqCvoe
2016-11-15 19:20:21,$RDUS Can we take a breather?  Incredible rebound!! https://t.co/8QrqCqCvoe
2016-11-15 18:34:47,$RDUS gorgeous Daily 200sma rotation back over $40 and straight up
2016-11-15 17:53:19,"RT @biotechnova: Perceptive New Buys: $CLCD $RDUS $FLML $AERI, Sells: $AXON $PETX"
2016-11-15 17:50:54,"RT @biotechnova: Perceptive New Buys: $CLCD $RDUS $FLML $AERI, Sells: $AXON $PETX"
2016-11-15 17:49:34,"Perceptive New Buys: $CLCD $RDUS $FLML $AERI, Sells: $AXON $PETX"
2016-11-15 17:48:56,@Lblegend33 @NguyenTu0319 @Steam_Sports @theflynews so we are jumping from $MACK to $RDUS?
2016-11-15 17:46:24,"$RDUS good amount of bullish calls again, not surprised, keeps moving"
2016-11-15 14:22:58,Option trading signal alerts with over 70% accuracy. Read: https://t.co/VkL5De2a0z $ABX $OXY $MET $EEM $MUX $EW $ETSY $RDUS $SPB
2016-11-15 06:58:08,"Q3 13F highlights: Steve had/has 780K sh of $OPHT, some largest biotech/pharma holdings were $JAZZ, $DVAX, $EXEL, $MGNX, $PBYI, $GWPH, $RDUS"
2016-11-15 06:43:43,"$dia $ge $jd $dis $ftnw $googl $FB $GalT $nke $tsla $amzn $twtr $wfm $rdus $imnp
undervalued &amp;a thin L2
374mil Floa‚Ä¶ https://t.co/whUWpkJ6zk"
2016-11-15 06:34:20,RT @microcapcompany: Checking out some #stocks before the market open tomorrow $DIA $GE $JD $DIS $FTNW $GOOGL $FB $GALT $NKE $TSLA $AMZN $N‚Ä¶
2016-11-15 06:34:20,RT @microcapcompany: Checking out some #stocks before the market open tomorrow $DIA $GE $JD $DIS $FTNW $GOOGL $FB $GALT $NKE $TSLA $AMZN $N‚Ä¶
2016-11-15 06:34:19,RT @microcapcompany: Checking out some #stocks before the market open tomorrow $DIA $GE $JD $DIS $FTNW $GOOGL $FB $GALT $NKE $TSLA $AMZN $N‚Ä¶
2016-11-15 06:34:19,RT @microcapcompany: Checking out some #stocks before the market open tomorrow $DIA $GE $JD $DIS $FTNW $GOOGL $FB $GALT $NKE $TSLA $AMZN $N‚Ä¶
2016-11-15 06:34:19,RT @microcapcompany: Checking out some #stocks before the market open tomorrow $DIA $GE $JD $DIS $FTNW $GOOGL $FB $GALT $NKE $TSLA $AMZN $N‚Ä¶
2016-11-15 06:34:19,RT @microcapcompany: Checking out some #stocks before the market open tomorrow $DIA $GE $JD $DIS $FTNW $GOOGL $FB $GALT $NKE $TSLA $AMZN $N‚Ä¶
2016-11-15 06:34:19,RT @microcapcompany: Checking out some #stocks before the market open tomorrow $DIA $GE $JD $DIS $FTNW $GOOGL $FB $GALT $NKE $TSLA $AMZN $N‚Ä¶
2016-11-15 06:34:19,RT @microcapcompany: Checking out some #stocks before the market open tomorrow $DIA $GE $JD $DIS $FTNW $GOOGL $FB $GALT $NKE $TSLA $AMZN $N‚Ä¶
2016-11-15 06:34:19,RT @microcapcompany: Checking out some #stocks before the market open tomorrow $DIA $GE $JD $DIS $FTNW $GOOGL $FB $GALT $NKE $TSLA $AMZN $N‚Ä¶
2016-11-15 06:34:19,RT @microcapcompany: Checking out some #stocks before the market open tomorrow $DIA $GE $JD $DIS $FTNW $GOOGL $FB $GALT $NKE $TSLA $AMZN $N‚Ä¶
2016-11-15 06:34:19,RT @microcapcompany: Checking out some #stocks before the market open tomorrow $DIA $GE $JD $DIS $FTNW $GOOGL $FB $GALT $NKE $TSLA $AMZN $N‚Ä¶
2016-11-15 06:34:19,RT @microcapcompany: Checking out some #stocks before the market open tomorrow $DIA $GE $JD $DIS $FTNW $GOOGL $FB $GALT $NKE $TSLA $AMZN $N‚Ä¶
2016-11-15 06:34:19,RT @microcapcompany: Checking out some #stocks before the market open tomorrow $DIA $GE $JD $DIS $FTNW $GOOGL $FB $GALT $NKE $TSLA $AMZN $N‚Ä¶
2016-11-15 06:34:19,RT @microcapcompany: Checking out some #stocks before the market open tomorrow $DIA $GE $JD $DIS $FTNW $GOOGL $FB $GALT $NKE $TSLA $AMZN $N‚Ä¶
2016-11-15 06:34:19,RT @microcapcompany: Checking out some #stocks before the market open tomorrow $DIA $GE $JD $DIS $FTNW $GOOGL $FB $GALT $NKE $TSLA $AMZN $N‚Ä¶
2016-11-15 06:34:19,RT @microcapcompany: Checking out some #stocks before the market open tomorrow $DIA $GE $JD $DIS $FTNW $GOOGL $FB $GALT $NKE $TSLA $AMZN $N‚Ä¶
2016-11-15 06:34:19,RT @microcapcompany: Checking out some #stocks before the market open tomorrow $DIA $GE $JD $DIS $FTNW $GOOGL $FB $GALT $NKE $TSLA $AMZN $N‚Ä¶
2016-11-15 06:34:19,RT @microcapcompany: Checking out some #stocks before the market open tomorrow $DIA $GE $JD $DIS $FTNW $GOOGL $FB $GALT $NKE $TSLA $AMZN $N‚Ä¶
2016-11-15 06:33:37,Checking out some #stocks before the market open tomorrow $DIA $GE $JD $DIS $FTNW $GOOGL $FB $GALT $NKE $TSLA $AMZN $NEWC $WFM $RDUS $IMNP
2016-11-15 05:55:00,Radius Health Inc. $RDUS Shares Sold by Schwab Charles Investment Management Inc. https://t.co/IfFznQEr2m
2016-11-14 13:53:55,Analysts Set Radius Health Inc. $RDUS Target Price at $63.51 https://t.co/R1mdUep6yD
2016-11-14 08:11:01,Analysts Set Radius Health Inc. $RDUS Target Price at $63.51 https://t.co/j9Ddam1gqA
2016-11-14 05:51:05,Radius Health Inc. $RDUS Position Maintained by Legal &amp; General Group Plc https://t.co/XobfQKQEEM
2016-11-14 00:54:11,Radius Health Inc. $RDUS Shares Sold by American Century Companies Inc. https://t.co/umIL3ZBEhn
2016-11-14 00:50:25,Radius Health Inc. $RDUS Shares Sold by American Century Companies Inc. https://t.co/zWWTn1ChVM
2016-11-13 07:25:58,Option trading signal alerts with over 70% accuracy. Read: https://t.co/VkL5De2a0z $ABX $OXY $MET $EEM $MUX $EW $ETSY $RDUS $SPB
2016-11-11 23:24:54,"RT @TheBio_Hunter: Ready for the Friday afternoon buy out ""leaks"" place your bets... $RDUS, $GWPH, $ACAD, $DEPO, $BIIB, $NBIX...My sleeper‚Ä¶"
2016-11-11 20:54:58,$RDUS bought a few just as weekend lotto ;)
2016-11-11 19:32:38,Radius Health Inc. $RDUS Receives Average Recommendation of ‚ÄúBuy‚Äù from Analysts https://t.co/atoKeVa3bM
2016-11-11 19:19:58,"RT @AndyBiotech: EMA CHMP issues positive opinions on two #biosimilar Forteo, so what's the impact on $RDUS abaloparatide mkt size?

https:‚Ä¶"
2016-11-11 19:15:45,Radius Health Inc. $RDUS Receives Average Recommendation of ‚ÄúBuy‚Äù from Analysts https://t.co/pTGjveYgT1
2016-11-11 18:54:30,"RT @TheBio_Hunter: Ready for the Friday afternoon buy out ""leaks"" place your bets... $RDUS, $GWPH, $ACAD, $DEPO, $BIIB, $NBIX...My sleeper‚Ä¶"
2016-11-11 18:43:09,"Ready for the Friday afternoon buy out ""leaks"" place your bets... $RDUS, $GWPH, $ACAD, $DEPO, $BIIB, $NBIX...My sleeper for 2017 $KPTI"
2016-11-11 17:17:24,$RDUS congrats to those who bought dip
2016-11-11 16:33:01,"RT @AndyBiotech: EMA CHMP issues positive opinions on two #biosimilar Forteo, so what's the impact on $RDUS abaloparatide mkt size?

https:‚Ä¶"
2016-11-11 16:01:37,"$RDUS large call buyer for Dec 75$. stock down on XBI quick hit, good buy op"
2016-11-11 15:59:42,@DrSManian $RDUS large call buyer today Dec 75. $1 x100
2016-11-11 15:58:57,"RT @AndyBiotech: EMA CHMP issues positive opinions on two #biosimilar Forteo, so what's the impact on $RDUS abaloparatide mkt size?

https:‚Ä¶"
2016-11-11 15:54:39,@OpenOutcrier $RDUS Dec 75 calls bug buy
2016-11-11 15:42:38,"RT @AndyBiotech: EMA CHMP issues positive opinions on two #biosimilar Forteo, so what's the impact on $RDUS abaloparatide mkt size?

https:‚Ä¶"
2016-11-11 15:16:23,"RT @AndyBiotech: EMA CHMP issues positive opinions on two #biosimilar Forteo, so what's the impact on $RDUS abaloparatide mkt size?

https:‚Ä¶"
2016-11-11 14:59:53,"RT @AndyBiotech: EMA CHMP issues positive opinions on two #biosimilar Forteo, so what's the impact on $RDUS abaloparatide mkt size?

https:‚Ä¶"
2016-11-11 14:59:24,"EMA CHMP issues positive opinions on two #biosimilar Forteo, so what's the impact on $RDUS abaloparatide mkt size?

https://t.co/RHvA548rJA"
2016-11-11 14:46:29,$RDUS $RIGL won't stop https://t.co/MpLeefUNRg
2016-11-11 14:14:03,RT @SheffStation: $MACK..interesting even though I think I have seen this also w/ $RDUS as well. Both have been on fire lately in the marke‚Ä¶
2016-11-11 13:58:11,"CANT $RDUS Radius Health, Inc.: Closer to Commercialization but Still Waiting for a Partner ex-US ‚Äì Maintain BUY‚Ä¶ https://t.co/Mhs8Nch6Qk"
2016-11-11 13:44:03,"If you follow $BLL This is a must join site! ----&gt; https://t.co/cyj7VQwiaS

$HSY $EFX $PAAS $RDUS"
2016-11-11 13:28:19,$MACK..interesting even though I think I have seen this also w/ $RDUS as well. Both have been on fire lately in the‚Ä¶ https://t.co/WBzRsy3Axj
2016-11-10 22:19:49,@fascination_bio $rdus awesome reversal right before the no pass red line and bang on the election blue line. still‚Ä¶ https://t.co/brziZyj0XE
2016-11-10 22:18:30,"$FOSL $RDUS $CONE $BTI 

 Use Algorithmic Buy/Sell Alerts, for EXPLOSIVE GAINSüî• - https://t.co/fmAulLK2kn

https://t.co/gx7ftnmZNG"
2016-11-10 21:09:24,Chaser charts ( overbought) on watch for tomorrow as shorts $SNHY $RARE $LECO $AGIO $HQY $RDUS https://t.co/NCDaaBnch2
2016-11-10 20:57:27,RT @gearle2: Come on $ibb let's get over 290 and not look back $rdus $blue
2016-11-10 20:55:39,"$BSMX $CECO $RDUS $UBSI 

 Use Algorithmic Buy/Sell Alerts, for EXPLOSIVE GAINSüî• - https://t.co/Lire05S0E6

https://t.co/DIYlL8o69z"
2016-11-10 19:51:35,"$RDUS back over 50. thinking if shire wanted it, this would have gotten done by now while biotech was down?"
2016-11-10 19:40:37,"$RDUS $HQY $CF $MOMO $MEOH $REN $ITG $AMG $ENDP 

 Algorithmic Buy/Sell Alerts - https://t.co/skhB3ydmEG

https://t.co/1E8iFfgvs1"
2016-11-10 19:23:31,Come on $ibb let's get over 290 and not look back $rdus $blue
2016-11-10 17:56:04,runnin' runnin' and runnin' runnin' and runnin' runnin' and runnin' runnin' and runnin' runnin' $RDUS #stocks https://t.co/1piGlwDVRj
2016-11-10 17:17:14,$RDUS new HOD
2016-11-10 16:11:15,$Rdus almost back to 50
2016-11-10 14:04:44,Finished reading $RDUS CC https://t.co/Yk7NySaMlz I find CEO informational. He's respectful of team members too. Optimistic abt RAD1901 too.
2016-11-10 10:39:04,"If you follow $GPRO Check out this site! ----&gt; https://t.co/2DNxKCUkwA

$GGP $ZBH $LDOS $RDUS"
2016-11-10 00:17:41,"$CRL $OSIR $UIS $RDUS $WAB 

https://t.co/PyUtJTwyCI If you want free algorithmic trading alerts, read this NOW"
2016-11-09 23:37:05,"If you follow $BSQR What do you think about it? ----&gt; https://t.co/Gty0wEPpPA

$ONDK $RDUS $MODN $BRK.B"
2016-11-09 20:45:17,"$CAH $EPE $FET $AEG $RDUS $AERI $HZNP $SCMP $OSK https://t.co/Lb7ZX8Xnrp Interesting article, worth a read"
2016-11-09 20:35:00,"Upcoming PDUFAs still time to see bull action, @DrSManian to confirm:

$DVAX
$CEMP
$AAAP

==2017 Q1==

$VCEL
$INCY
$SGYP
$CLVS
$LXRX
$RDUS"
2016-11-09 19:47:35,"$XBI $IBB GapUp, Short Squish Mosh Pit $LABU $UBIO Holy Momentum Batman &amp;w/Vol. Big $$ guys on wrong side this trad‚Ä¶ https://t.co/oo6f3G0HXN"
2016-11-09 17:50:05,"If you follow $GCP What do you think about it? ----&gt; https://t.co/YgvcahystM

$SJM $VUZI $BPMX $RDUS"
2016-11-08 16:27:04,Radius Health‚Äôs $RDUS ‚ÄúBuy‚Äù Rating Reiterated at Cantor Fitzgerald https://t.co/lspg6dKAmC
2016-11-08 14:29:39,How to profit on weed microcap stocks. Read: https://t.co/Z9gZezWiJX $ABX $OXY $MET $EEM $MUX $EW $ETSY $RDUS $SPB
